{
    "MEBT_Diag:BPM01": -2.62439321124341,
    "MEBT_Diag:BPM04": 67.25213118855972,
    "MEBT_Diag:BPM05": -34.578201004798956,
    "MEBT_Diag:BPM10": 37.59090293674559,
    "MEBT_Diag:BPM11": -84.97953244389197,
    "MEBT_Diag:BPM14": 132.74517788643527,
    "DTL_Diag:BPM203": -145.4278884799615,
    "DTL_Diag:BPM209": 93.08918553739095,
    "DTL_Diag:BPM302": 1.8647195513381742,
    "DTL_Diag:BPM308": 148.9045967724644,
    "DTL_Diag:BPM403": 139.94283461101577,
    "DTL_Diag:BPM409": 37.75856540129766,
    "DTL_Diag:BPM501": 145.59227788013263,
    "DTL_Diag:BPM507": -29.05089617111638,
    "DTL_Diag:BPM603": -9.213003370311593,
    "DTL_Diag:BPM609": -160.73604691667887,
    "CCL_Diag:BPM101": 95.2172037331568,
    "CCL_Diag:BPM103": 170.07015983664854,
    "CCL_Diag:BPM112": -121.86102824200594,
    "CCL_Diag:BPM202": 60.33770480744145,
    "CCL_Diag:BPM212": 71.49660444822095,
    "CCL_Diag:BPM302": 97.21051614242808,
    "CCL_Diag:BPM312": 46.04222063210921,
    "CCL_Diag:BPM402": 152.13217192769875,
    "CCL_Diag:BPM409": 67.38820575239546,
    "CCL_Diag:BPM411": -16.746539014265775,
    "SCL_Diag:BPM00a": -72.5220452464436,
    "SCL_Diag:BPM00b": 62.15472904718577,
    "SCL_Diag:BPM01": 36.94585534746033,
    "SCL_Diag:BPM02": 145.27834917369645,
    "SCL_Diag:BPM03": 143.98508237647798,
    "SCL_Diag:BPM04": 156.7367116553508,
    "SCL_Diag:BPM05": -9.004405263381368,
    "SCL_Diag:BPM06": -33.91792275781737,
    "SCL_Diag:BPM07": 143.52121590575177,
    "SCL_Diag:BPM08": -127.4047483418153,
    "SCL_Diag:BPM09": 5.24181475373624,
    "SCL_Diag:BPM10": -86.99612500522072,
    "SCL_Diag:BPM11": -84.95140787538173,
    "SCL_Diag:BPM12": 10.184160028009494,
    "SCL_Diag:BPM13": 103.83279998421968,
    "SCL_Diag:BPM14": 175.8199434057514,
    "SCL_Diag:BPM15": 6.426140936049922,
    "SCL_Diag:BPM16": 9.34958054772423,
    "SCL_Diag:BPM17": 18.316915104951622,
    "SCL_Diag:BPM18": 175.80734423687463,
    "SCL_Diag:BPM19": 58.1371300778017,
    "SCL_Diag:BPM20": -14.766691638581179,
    "SCL_Diag:BPM21": 103.48228810021352,
    "SCL_Diag:BPM22": 91.79426181581879,
    "SCL_Diag:BPM23": 26.686830830134536,
    "SCL_Diag:BPM24": 50.775378310759265,
    "SCL_Diag:BPM25": -20.444860560609573,
    "SCL_Diag:BPM26": -124.72592442432476,
    "SCL_Diag:BPM27": 56.65328710237156,
    "SCL_Diag:BPM28": -26.833995878134168,
    "SCL_Diag:BPM29": -138.45166788389557,
    "SCL_Diag:BPM30": -29.144591845176468,
    "SCL_Diag:BPM31": 58.03747840159062,
    "SCL_Diag:BPM32": -163.55127576741347,
    "HEBT_Diag:BPM01": 45.14465318615775,
    "HEBT_Diag:BPM02": -66.93354845803631,
    "HEBT_Diag:BPM03": 53.022705868345966,
    "HEBT_Diag:BPM04": 88.2297174030366,
    "HEBT_Diag:BPM05": -129.95072061786638,
    "HEBT_Diag:BPM06": -145.09747090063593,
    "HEBT_Diag:BPM07": 106.43783674468071,
    "HEBT_Diag:BPM08": 45.48069363468032,
    "HEBT_Diag:BPM09": -113.14978947214827,
    "HEBT_Diag:BPM10": -143.8684739610224,
    "HEBT_Diag:BPM11": 130.70069205500369,
    "HEBT_Diag:BPM16": -26.157657865511204,
    "HEBT_Diag:BPM17": 40.574484169672054,
    "HEBT_Diag:BPM18": -73.79290815779858,
    "HEBT_Diag:BPM19": 123.35214462833258,
    "HEBT_Diag:BPM20": -122.16594566374044,
    "HEBT_Diag:BPM21": 77.57907296957227,
    "HEBT_Diag:BPM22": -35.19207105998079,
    "HEBT_Diag:BPM23": -170.34711394482943,
    "HEBT_Diag:BPM24": 80.42242587476966,
    "HEBT_Diag:BPM25": -90.29594934596925,
    "HEBT_Diag:BPM26": -83.41310998221195,
    "HEBT_Diag:BPM27": 148.62060543442257,
    "HEBT_Diag:BPM28": 153.66060986006124,
    "HEBT_Diag:BPM29": -179.1461503894042,
    "HEBT_Diag:BPM30": -170.76085937144416,
    "HEBT_Diag:BPM31": -26.834365436602475,
    "HEBT_Diag:BPM32": 122.96637325193613,
    "HEBT_Diag:BPM33": -1.8284125112568184,
    "MEBT_LLRF:FCM1": 36.759552475938605,
    "MEBT_LLRF:FCM2": 32.717653137132565,
    "MEBT_LLRF:FCM3": -161.85546200670652,
    "MEBT_LLRF:FCM4": 87.9979678142562,
    "DTL_LLRF:FCM1": 41.35523866660578,
    "DTL_LLRF:FCM2": -48.85818311362819,
    "DTL_LLRF:FCM3": -110.72060011936057,
    "DTL_LLRF:FCM4": -110.34058654002015,
    "DTL_LLRF:FCM5": 148.08542863585535,
    "DTL_LLRF:FCM6": -141.27977490347902,
    "CCL_LLRF:FCM1": 84.24723835134989,
    "CCL_LLRF:FCM2": -29.909501539764697,
    "CCL_LLRF:FCM3": -104.20266948383332,
    "CCL_LLRF:FCM4": -40.49145059438632,
    "SCL_LLRF:FCM01a": 140.89044745138352,
    "SCL_LLRF:FCM01b": 27.33555260946313,
    "SCL_LLRF:FCM01c": -60.86642823843018,
    "SCL_LLRF:FCM02a": -52.060299658443505,
    "SCL_LLRF:FCM02b": -18.316372862214273,
    "SCL_LLRF:FCM02c": 172.44575278608718,
    "SCL_LLRF:FCM03a": 111.44510820574277,
    "SCL_LLRF:FCM03b": 39.38971807609779,
    "SCL_LLRF:FCM03c": 9.856445873949342,
    "SCL_LLRF:FCM04a": -131.32602644232577,
    "SCL_LLRF:FCM04b": 37.99777619229472,
    "SCL_LLRF:FCM04c": -171.7446540826802,
    "SCL_LLRF:FCM05a": -172.40305575456622,
    "SCL_LLRF:FCM05b": 37.05345967535004,
    "SCL_LLRF:FCM05c": -167.6280942377894,
    "SCL_LLRF:FCM06a": 42.331390247628235,
    "SCL_LLRF:FCM06b": -33.870624625634925,
    "SCL_LLRF:FCM06c": -147.83119039224917,
    "SCL_LLRF:FCM07a": 140.0651216634279,
    "SCL_LLRF:FCM07b": -5.54636909611919,
    "SCL_LLRF:FCM07c": 37.621151250670366,
    "SCL_LLRF:FCM08a": -73.69642389444026,
    "SCL_LLRF:FCM08b": -141.35129589849024,
    "SCL_LLRF:FCM08c": 173.12353638076803,
    "SCL_LLRF:FCM09a": -14.362874952937666,
    "SCL_LLRF:FCM09b": -151.6574269668869,
    "SCL_LLRF:FCM09c": 72.99076966413062,
    "SCL_LLRF:FCM10a": 98.09182688927686,
    "SCL_LLRF:FCM10b": 17.73654962901107,
    "SCL_LLRF:FCM10c": 99.22088341375161,
    "SCL_LLRF:FCM11a": 27.011089303342178,
    "SCL_LLRF:FCM11b": 50.468810727523284,
    "SCL_LLRF:FCM11c": 139.81377163482293,
    "SCL_LLRF:FCM12a": 123.27666239272072,
    "SCL_LLRF:FCM12b": -26.957860824300184,
    "SCL_LLRF:FCM12c": -57.0172837503391,
    "SCL_LLRF:FCM12d": 68.62880284341206,
    "SCL_LLRF:FCM13a": 34.39692098398443,
    "SCL_LLRF:FCM13b": 176.01310088695396,
    "SCL_LLRF:FCM13c": -27.551364378566035,
    "SCL_LLRF:FCM13d": -134.14899896645352,
    "SCL_LLRF:FCM14a": 44.179555588209695,
    "SCL_LLRF:FCM14b": -14.156488822561721,
    "SCL_LLRF:FCM14c": 113.47090553750054,
    "SCL_LLRF:FCM14d": 116.50529508512467,
    "SCL_LLRF:FCM15a": 102.9939291123925,
    "SCL_LLRF:FCM15b": -145.86860301125586,
    "SCL_LLRF:FCM15c": 0.3435809014414781,
    "SCL_LLRF:FCM15d": -170.76363325781207,
    "SCL_LLRF:FCM16a": 147.52213636261203,
    "SCL_LLRF:FCM16b": -114.89148049818112,
    "SCL_LLRF:FCM16c": 37.260221296711926,
    "SCL_LLRF:FCM16d": 114.96273232032736,
    "SCL_LLRF:FCM17a": 47.653179115928644,
    "SCL_LLRF:FCM17b": 7.673705260831802,
    "SCL_LLRF:FCM17c": -40.91353756138741,
    "SCL_LLRF:FCM17d": 1.9792973576598705,
    "SCL_LLRF:FCM18a": 171.9823992604482,
    "SCL_LLRF:FCM18b": 121.92711948203979,
    "SCL_LLRF:FCM18c": -109.36500126090215,
    "SCL_LLRF:FCM18d": 79.51225205491434,
    "SCL_LLRF:FCM19a": 118.76024868451678,
    "SCL_LLRF:FCM19b": -86.95273428373775,
    "SCL_LLRF:FCM19c": 92.82954642968441,
    "SCL_LLRF:FCM19d": 175.77375801447823,
    "SCL_LLRF:FCM20a": -146.99323337658697,
    "SCL_LLRF:FCM20b": 62.76856570655386,
    "SCL_LLRF:FCM20c": 104.04954986636668,
    "SCL_LLRF:FCM20d": -167.45370646524313,
    "SCL_LLRF:FCM21a": -28.199272327163946,
    "SCL_LLRF:FCM21b": 116.15157820930526,
    "SCL_LLRF:FCM21c": 9.045469026775162,
    "SCL_LLRF:FCM21d": 41.980959112918285,
    "SCL_LLRF:FCM22a": 94.42566155350603,
    "SCL_LLRF:FCM22b": 123.8887435272916,
    "SCL_LLRF:FCM22c": 126.18392039509996,
    "SCL_LLRF:FCM22d": 107.01117454305778,
    "SCL_LLRF:FCM23a": -129.88403180670304,
    "SCL_LLRF:FCM23b": 109.89980100095076,
    "SCL_LLRF:FCM23c": 56.11704288071699,
    "SCL_LLRF:FCM23d": 172.245652214648,
    "SCL_LLRF:FCM25a": -11.220259253211102,
    "SCL_LLRF:FCM25b": 7.995184056759812,
    "SCL_LLRF:FCM25c": 85.3976935461885,