{
    "MEBT_LLRF:FCM1": -15.062613218265799,
    "MEBT_LLRF:FCM2": -178.82771093848024,
    "MEBT_LLRF:FCM3": -54.39428311037066,
    "MEBT_LLRF:FCM4": 106.4865531468292
}