{
    "SCL_Diag:BPM00a": 165.6298577297184,
    "SCL_Diag:BPM00b": 129.7375894109349,
    "SCL_Diag:BPM01": 179.70110291833754,
    "SCL_Diag:BPM02": 80.85331221432693,
    "SCL_Diag:BPM03": -155.84755646004544,
    "SCL_Diag:BPM04": 19.924949699471895,
    "SCL_Diag:BPM05": 106.33525658400706,
    "SCL_Diag:BPM06": -136.34703152418606,
    "SCL_Diag:BPM07": -142.844638174947,
    "SCL_Diag:BPM08": 133.65837104733055,
    "SCL_Diag:BPM09": 5.894589905408525,
    "SCL_Diag:BPM10": 69.64134063210196,
    "SCL_Diag:BPM11": -17.00995032977939,
    "SCL_Diag:BPM12": 124.32172692997196,
    "SCL_Diag:BPM13": 22.31160113025218,
    "SCL_Diag:BPM14": 129.4522555002674,
    "SCL_Diag:BPM15": -25.577445877298615,
    "SCL_Diag:BPM16": -53.37141196473209,
    "SCL_Diag:BPM17": 114.66730998638756,
    "SCL_Diag:BPM18": 53.402613434549366,
    "SCL_Diag:BPM19": 104.34070216179133,
    "SCL_Diag:BPM20": 86.15951012895617,
    "SCL_Diag:BPM21": 13.19969037102057,
    "SCL_Diag:BPM22": -0.5470292058438098,
    "SCL_Diag:BPM23": 116.03698450474047,
    "SCL_Diag:BPM24": -1.7952760933053868,
    "SCL_Diag:BPM25": 115.68069975291098,
    "SCL_Diag:BPM26": -122.37186255615917,
    "SCL_Diag:BPM27": 162.03037282673793,
    "SCL_Diag:BPM28": 50.00629623935319,
    "SCL_Diag:BPM29": 29.63232577334454,
    "SCL_Diag:BPM30": -74.80080331704055,
    "SCL_Diag:BPM31": 142.9254231446952,
    "SCL_Diag:BPM32": 169.33085736541733,
    "HEBT_Diag:BPM01": 142.47447638741772,
    "HEBT_Diag:BPM02": 76.09167579081448,
    "HEBT_Diag:BPM03": -179.68991781127954,
    "HEBT_Diag:BPM04": -79.2895561311302,
    "HEBT_Diag:BPM05": -44.08163706687307,
    "HEBT_Diag:BPM06": 162.3285109523007,
    "HEBT_Diag:BPM07": 159.18395098466397,
    "HEBT_Diag:BPM08": 175.00477879033502,
    "HEBT_Diag:BPM09": 151.55643419532956,
    "HEBT_Diag:BPM10": -168.4315966339138,
    "HEBT_Diag:BPM11": 92.72265912921517,
    "SCL_LLRF:FCM01a": 58.06490581719191,
    "SCL_LLRF:FCM01b": 171.38782993377595,
    "SCL_LLRF:FCM01c": 115.23690749912986,
    "SCL_LLRF:FCM02a": -32.33539498720299,
    "SCL_LLRF:FCM02b": 110.29689736785973,
    "SCL_LLRF:FCM02c": -121.70258124593131,
    "SCL_LLRF:FCM03a": -82.17669634715728,
    "SCL_LLRF:FCM03b": -179.66066386776035,
    "SCL_LLRF:FCM03c": -61.01292153320868,
    "SCL_LLRF:FCM04a": 88.83199225230678,
    "SCL_LLRF:FCM04b": -78.15956700571479,
    "SCL_LLRF:FCM04c": -19.98600789693546,
    "SCL_LLRF:FCM05a": -93.52295644522803,
    "SCL_LLRF:FCM05b": 31.378259723915903,
    "SCL_LLRF:FCM05c": 53.47431489967777,
    "SCL_LLRF:FCM06a": 122.6519659525159,
    "SCL_LLRF:FCM06b": -144.53155439180472,
    "SCL_LLRF:FCM06c": -158.95666483902633,
    "SCL_LLRF:FCM07a": -126.70590779491297,
    "SCL_LLRF:FCM07b": 59.104203327212616,
    "SCL_LLRF:FCM07c": 148.17365860495264,
    "SCL_LLRF:FCM08a": 179.42449100434806,
    "SCL_LLRF:FCM08b": -147.40850117183328,
    "SCL_LLRF:FCM08c": -158.11277344778264,
    "SCL_LLRF:FCM09a": -118.76644093203905,
    "SCL_LLRF:FCM09b": -107.62157325614884,
    "SCL_LLRF:FCM09c": 85.72388713993503,
    "SCL_LLRF:FCM10a": -15.787829634419989,
    "SCL_LLRF:FCM10b": 146.40199779067535,
    "SCL_LLRF:FCM10c": -82.43151537661528,
    "SCL_LLRF:FCM11a": 18.501699681820543,
    "SCL_LLRF:FCM11b": -79.2184072957257,
    "SCL_LLRF:FCM11c": 169.04125171605648,
    "SCL_LLRF:FCM12a": -46.72091126034738,
    "SCL_LLRF:FCM12b": -0.09538916965956101,
    "SCL_LLRF:FCM12c": 154.31192832874106,
    "SCL_LLRF:FCM12d": -30.70220408776806,
    "SCL_LLRF:FCM13a": -27.902055915544494,
    "SCL_LLRF:FCM13b": 119.30967753413144,
    "SCL_LLRF:FCM13c": 31.21541188594469,
    "SCL_LLRF:FCM13d": -124.42417304246354,
    "SCL_LLRF:FCM14a": 65.793090835674,
    "SCL_LLRF:FCM14b": -53.35503220637774,
    "SCL_LLRF:FCM14c": 154.93831349982113,
    "SCL_LLRF:FCM14d": -98.85780744184002,
    "SCL_LLRF:FCM15a": 9.108578322828462,
    "SCL_LLRF:FCM15b": -118.35614306826335,
    "SCL_LLRF:FCM15c": -92.0070490976396,
    "SCL_LLRF:FCM15d": 170.80270975080555,
    "SCL_LLRF:FCM16a": 121.57405655059698,
    "SCL_LLRF:FCM16b": 127.88099967895481,
    "SCL_LLRF:FCM16c": 55.24569907085437,
    "SCL_LLRF:FCM16d": -131.1642245993014,
    "SCL_LLRF:FCM17a": 128.09576560265984,
    "SCL_LLRF:FCM17b": 43.06066472732986,
    "SCL_LLRF:FCM17c": 111.08887795617615,
    "SCL_LLRF:FCM17d": 106.62230771903671,
    "SCL_LLRF:FCM18a": -71.55716927569118,
    "SCL_LLRF:FCM18b": 145.98391262246273,
    "SCL_LLRF:FCM18c": 66.04201797036532,
    "SCL_LLRF:FCM18d": 145.14965621053966,
    "SCL_LLRF:FCM19a": 143.12575526506936,
    "SCL_LLRF:FCM19b": 118.2412319003833,
    "SCL_LLRF:FCM19c": -14.798850538092939,
    "SCL_LLRF:FCM19d": -79.39478013606106,
    "SCL_LLRF:FCM20a": -149.82516158900594,
    "SCL_LLRF:FCM20b": 80.6637873756712,
    "SCL_LLRF:FCM20c": 94.14975593376319,
    "SCL_LLRF:FCM20d": 61.083260423394776,
    "SCL_LLRF:FCM21a": -20.91391841550676,
    "SCL_LLRF:FCM21b": 120.80273163406329,
    "SCL_LLRF:FCM21c": -57.93619197201882,
    "SCL_LLRF:FCM21d": 113.3945764356801,
    "SCL_LLRF:FCM22a": 162.77659286317646,
    "SCL_LLRF:FCM22b": 93.76277190378623,
    "SCL_LLRF:FCM22c": -52.98209392672641,
    "SCL_LLRF:FCM22d": -42.85271500489325,
    "SCL_LLRF:FCM23a": 73.72828318444604,
    "SCL_LLRF:FCM23b": 10.26860709493025,
    "SCL_LLRF:FCM23c": -26.60340273748526,
    "SCL_LLRF:FCM23d": 7.420283924569744
}