{
    "MEBT_Diag:BPM01": -179.98322907787121,
    "MEBT_Diag:BPM04": -102.97584562181508,
    "MEBT_Diag:BPM05": -174.53099401235212,
    "MEBT_Diag:BPM10": 110.40870237259941,
    "MEBT_Diag:BPM11": -114.19978747291997,
    "MEBT_Diag:BPM14": 167.29665973633587,
    "DTL_Diag:BPM203": 95.55481044830448,
    "DTL_Diag:BPM209": -131.28356237847146,
    "DTL_Diag:BPM302": 4.6776899184684995,
    "DTL_Diag:BPM308": 5.709364977421996,
    "DTL_Diag:BPM403": -158.17748851899321,
    "DTL_Diag:BPM409": -77.71316787757968,
    "DTL_Diag:BPM501": 44.646232798493884,
    "DTL_Diag:BPM507": -55.283229373526275,
    "DTL_Diag:BPM603": -111.3825272400347,
    "DTL_Diag:BPM609": 59.23899719474841,
    "CCL_Diag:BPM101": 44.512091116627204,
    "CCL_Diag:BPM103": 141.0126231367155,
    "CCL_Diag:BPM112": -35.62492292518324,
    "CCL_Diag:BPM202": -170.3926064445556,
    "CCL_Diag:BPM212": -1.495695229263161,
    "CCL_Diag:BPM302": 101.04811298793672,
    "CCL_Diag:BPM312": 106.92546599629496,
    "CCL_Diag:BPM402": -134.25743842503704,
    "CCL_Diag:BPM409": 62.753224798193855,
    "CCL_Diag:BPM411": -46.071349730993305,
    "SCL_Diag:BPM00a": -22.70065337410617,
    "SCL_Diag:BPM00b": -151.3140876823087,
    "SCL_Diag:BPM01": -89.21620689465426,
    "SCL_Diag:BPM02": 126.5558455161466,
    "SCL_Diag:BPM03": 118.9910678029168,
    "SCL_Diag:BPM04": -23.97520254184181,
    "SCL_Diag:BPM05": -85.13655099016616,
    "SCL_Diag:BPM06": 97.15263868953967,
    "SCL_Diag:BPM07": 51.80127479832193,
    "SCL_Diag:BPM08": -179.45369187425158,
    "SCL_Diag:BPM09": -42.46238526418032,
    "SCL_Diag:BPM10": -158.14188158047975,
    "SCL_Diag:BPM11": 178.2080127911428,
    "SCL_Diag:BPM12": -16.41530090641229,
    "SCL_Diag:BPM13": 72.75425282412456,
    "SCL_Diag:BPM14": 83.98407381295279,
    "SCL_Diag:BPM15": -110.71399182957859,
    "SCL_Diag:BPM16": -178.26196197649261,
    "SCL_Diag:BPM17": 166.77252746266853,
    "SCL_Diag:BPM18": -29.37796551228977,
    "SCL_Diag:BPM19": 136.48014762145937,
    "SCL_Diag:BPM20": -63.026770979115895,
    "SCL_Diag:BPM21": 51.812776918436846,
    "SCL_Diag:BPM22": -166.59180716181552,
    "SCL_Diag:BPM23": 169.90011482956487,
    "SCL_Diag:BPM24": -0.9880962465406151,
    "SCL_Diag:BPM25": -138.59103949962196,
    "SCL_Diag:BPM26": 39.751837402040735,
    "SCL_Diag:BPM27": 9.259545073225222,
    "SCL_Diag:BPM28": -44.936011980746336,
    "SCL_Diag:BPM29": 1.4700401966410137,
    "SCL_Diag:BPM30": 41.74917025086905,
    "SCL_Diag:BPM31": 90.67185940410452,
    "SCL_Diag:BPM32": -70.56481781980209,
    "HEBT_Diag:BPM01": 85.12955858585767,
    "HEBT_Diag:BPM02": -98.40525762345959,
    "HEBT_Diag:BPM03": 12.19545036579877,
    "HEBT_Diag:BPM04": 80.67499142446557,
    "HEBT_Diag:BPM05": -165.19023823771658,
    "HEBT_Diag:BPM06": 106.76076699238041,
    "HEBT_Diag:BPM07": -112.65299201799922,
    "HEBT_Diag:BPM08": -28.058018797531652,
    "HEBT_Diag:BPM09": -122.60843915129553,
    "HEBT_Diag:BPM10": 108.41707448256035,
    "HEBT_Diag:BPM11": -112.52357620436054,
    "MEBT_LLRF:FCM1": -51.191353668934326,
    "MEBT_LLRF:FCM2": 117.18098605923842,
    "MEBT_LLRF:FCM3": -69.13405892553284,
    "MEBT_LLRF:FCM4": 117.98283295916654,
    "DTL_LLRF:FCM1": -138.73818502599644,
    "DTL_LLRF:FCM2": -113.1306769492707,
    "DTL_LLRF:FCM3": 70.41124265397936,
    "DTL_LLRF:FCM4": -12.554520440429382,
    "DTL_LLRF:FCM5": -131.84642158666674,
    "DTL_LLRF:FCM6": -110.72111656758548,
    "CCL_LLRF:FCM1": -105.06714988139504,
    "CCL_LLRF:FCM2": -148.11968888325467,
    "CCL_LLRF:FCM3": 33.302720896080295,
    "CCL_LLRF:FCM4": -21.567270303991634,
    "SCL_LLRF:FCM01a": -27.58510553265891,
    "SCL_LLRF:FCM01b": -118.70027539558882,
    "SCL_LLRF:FCM01c": -160.57188544449778,
    "SCL_LLRF:FCM02a": -64.07134361578714,
    "SCL_LLRF:FCM02b": -60.004728678159225,
    "SCL_LLRF:FCM02c": -140.72910245567365,
    "SCL_LLRF:FCM03a": 62.569273108903765,
    "SCL_LLRF:FCM03b": -84.43423747775549,
    "SCL_LLRF:FCM03c": 50.63896337904111,
    "SCL_LLRF:FCM04a": 69.24104850893552,
    "SCL_LLRF:FCM04b": -67.98016948387875,
    "SCL_LLRF:FCM04c": 158.82365934012856,
    "SCL_LLRF:FCM05a": 179.46380996484268,
    "SCL_LLRF:FCM05b": 28.383332531688836,
    "SCL_LLRF:FCM05c": -19.91705120008312,
    "SCL_LLRF:FCM06a": -66.26926572221136,
    "SCL_LLRF:FCM06b": -139.9735036486399,
    "SCL_LLRF:FCM06c": -14.136931921367957,
    "SCL_LLRF:FCM07a": 68.62575980696501,
    "SCL_LLRF:FCM07b": -166.39106315313015,
    "SCL_LLRF:FCM07c": 17.802953031337804,
    "SCL_LLRF:FCM08a": -163.32664916745136,
    "SCL_LLRF:FCM08b": -63.03557141469061,
    "SCL_LLRF:FCM08c": 178.06624298470743,
    "SCL_LLRF:FCM09a": 171.44652947745132,
    "SCL_LLRF:FCM09b": 117.82525527411664,
    "SCL_LLRF:FCM09c": -95.10321975973847,
    "SCL_LLRF:FCM10a": 143.9151122264325,
    "SCL_LLRF:FCM10b": -117.337893607878,
    "SCL_LLRF:FCM10c": -134.20505003676192,
    "SCL_LLRF:FCM11a": 73.26992820847462,
    "SCL_LLRF:FCM11b": 108.35495396050433,
    "SCL_LLRF:FCM11c": 113.2808363677166,
    "SCL_LLRF:FCM12a": 137.63966710921113,
    "SCL_LLRF:FCM12b": -1.4768036282517416,
    "SCL_LLRF:FCM12c": -32.62755471960069,
    "SCL_LLRF:FCM12d": -153.82370337218583,
    "SCL_LLRF:FCM13a": -53.68109551767776,
    "SCL_LLRF:FCM13b": -148.16466876117707,
    "SCL_LLRF:FCM13c": -33.218248049999254,
    "SCL_LLRF:FCM13d": -130.3031228065477,
    "SCL_LLRF:FCM14a": -28.68026035670951,
    "SCL_LLRF:FCM14b": 57.83073495490481,
    "SCL_LLRF:FCM14c": 98.32387123737925,
    "SCL_LLRF:FCM14d": 137.80149017583875,
    "SCL_LLRF:FCM15a": 24.991272595115532,
    "SCL_LLRF:FCM15b": -140.27157646277922,
    "SCL_LLRF:FCM15c": -153.18271620662898,
    "SCL_LLRF:FCM15d": -17.67176701734238,
    "SCL_LLRF:FCM16a": -22.12068029526367,
    "SCL_LLRF:FCM16b": -148.76622594445956,
    "SCL_LLRF:FCM16c": -177.25581336108561,
    "SCL_LLRF:FCM16d": 65.44700193141333,
    "SCL_LLRF:FCM17a": 40.905717563591416,
    "SCL_LLRF:FCM17b": 76.06344448162936,
    "SCL_LLRF:FCM17c": 31.185971175169428,
    "SCL_LLRF:FCM17d": -168.69646649677998,
    "SCL_LLRF:FCM18a": 130.82229143326248,
    "SCL_LLRF:FCM18b": -71.64124575117772,
    "SCL_LLRF:FCM18c": -115.02818503760129,
    "SCL_LLRF:FCM18d": -98.99431212720317,
    "SCL_LLRF:FCM19a": -132.37089934973048,
    "SCL_LLRF:FCM19b": -129.82287585169385,
    "SCL_LLRF:FCM19c": -12.589002626793642,
    "SCL_LLRF:FCM19d": 143.64210603197913,
    "SCL_LLRF:FCM20a": -133.12635512149126,
    "SCL_LLRF:FCM20b": -117.18089798195376,
    "SCL_LLRF:FCM20c": 10.995282190053173,
    "SCL_LLRF:FCM20d": 72.23089262415743,
    "SCL_LLRF:FCM21a": -143.2213941112584,
    "SCL_LLRF:FCM21b": 65.53337369435,
    "SCL_LLRF:FCM21c": -72.01079701842531,
    "SCL_LLRF:FCM21d": -138.16593421795076,
    "SCL_LLRF:FCM22a": 47.800119154051146,
    "SCL_LLRF:FCM22b": -174.49573853275552,
    "SCL_LLRF:FCM22c": -142.22747773253107,
    "SCL_LLRF:FCM22d": 109.82284080319947,
    "SCL_LLRF:FCM23a": -2.1887491069389853,
    "SCL_LLRF:FCM23b": 123.81240393285086,
    "SCL_LLRF:FCM23c": -165.60718094631656,
    "SCL_LLRF:FCM23d": 67.56134600738079
}