{
    "MEBT_Diag:BPM01": -105.72324515517964,
    "MEBT_Diag:BPM04": -83.66016636944933,
    "MEBT_Diag:BPM05": 44.020503634115386,
    "MEBT_Diag:BPM10": 119.03421550811343,
    "MEBT_Diag:BPM11": 40.03396564726926,
    "MEBT_Diag:BPM14": -19.216789168175158,
    "DTL_Diag:BPM203": 52.10448598208983,
    "DTL_Diag:BPM209": -67.08715449801679,
    "DTL_Diag:BPM302": -177.91815571661496,
    "DTL_Diag:BPM308": 136.47950623522863,
    "DTL_Diag:BPM403": 121.29406726880242,
    "DTL_Diag:BPM409": 24.853329789421757,
    "DTL_Diag:BPM501": 13.707357826835672,
    "DTL_Diag:BPM507": 99.25247414328166,
    "DTL_Diag:BPM603": 151.08726229066997,
    "DTL_Diag:BPM609": 36.45532171091261,
    "CCL_Diag:BPM101": 84.52015335398234,
    "CCL_Diag:BPM103": 36.87020406788956,
    "CCL_Diag:BPM112": 168.07800602199595,
    "CCL_Diag:BPM202": 117.15327704127658,
    "CCL_Diag:BPM212": 29.113514498087333,
    "CCL_Diag:BPM302": 39.02525950616638,
    "CCL_Diag:BPM312": 44.43388372086293,
    "CCL_Diag:BPM402": 163.16456399486296,
    "CCL_Diag:BPM409": -162.41473159419792,
    "CCL_Diag:BPM411": 36.35377733090975,
    "SCL_Diag:BPM00a": -73.35749181590728,
    "SCL_Diag:BPM00b": -61.11674760503794,
    "SCL_Diag:BPM01": 146.94477071904808,
    "SCL_Diag:BPM02": -93.90166285181162,
    "SCL_Diag:BPM03": 29.97602434469995,
    "SCL_Diag:BPM04": 178.03266119709534,
    "SCL_Diag:BPM05": 118.63434670906388,
    "SCL_Diag:BPM06": 171.54147439153974,
    "SCL_Diag:BPM07": 52.02237550666084,
    "SCL_Diag:BPM08": 35.30798944526097,
    "SCL_Diag:BPM09": 174.0151091449014,
    "SCL_Diag:BPM10": -30.036646481222483,
    "SCL_Diag:BPM11": -170.75158039519252,
    "SCL_Diag:BPM12": -84.43181645729814,
    "SCL_Diag:BPM13": 176.8808260234823,
    "SCL_Diag:BPM14": -12.29091267511798,
    "SCL_Diag:BPM15": -138.3890018632715,
    "SCL_Diag:BPM16": -93.72071555767107,
    "SCL_Diag:BPM17": -101.27899040127274,
    "SCL_Diag:BPM18": 1.3802262720448688,
    "SCL_Diag:BPM19": -121.28501782544883,
    "SCL_Diag:BPM20": -128.23304953129497,
    "SCL_Diag:BPM21": 39.38189793522949,
    "SCL_Diag:BPM22": 129.1759223948422,
    "SCL_Diag:BPM23": 56.060803760995874,
    "SCL_Diag:BPM24": 27.253883006406035,
    "SCL_Diag:BPM25": -40.744024494508636,
    "SCL_Diag:BPM26": 173.08163351112944,
    "SCL_Diag:BPM27": 130.23040014162385,
    "SCL_Diag:BPM28": -63.882123206155676,
    "SCL_Diag:BPM29": -40.18921507514247,
    "SCL_Diag:BPM30": -79.95064383329711,
    "SCL_Diag:BPM31": -78.32164675094822,
    "SCL_Diag:BPM32": -171.29201531417547,
    "HEBT_Diag:BPM01": 91.00502233439013,
    "HEBT_Diag:BPM02": -142.45266535371528,
    "HEBT_Diag:BPM03": -113.73414259236249,
    "HEBT_Diag:BPM04": 129.77447085898675,
    "HEBT_Diag:BPM05": 127.39385445702327,
    "HEBT_Diag:BPM06": -18.843316892355737,
    "HEBT_Diag:BPM07": -165.57588060900886,
    "HEBT_Diag:BPM08": 33.602023146436316,
    "HEBT_Diag:BPM09": 98.90423356631874,
    "HEBT_Diag:BPM10": 87.76240522643178,
    "HEBT_Diag:BPM11": 93.66614311654365,
    "MEBT_LLRF:FCM1": -10.83017459711613,
    "MEBT_LLRF:FCM2": 138.3737195155898,
    "MEBT_LLRF:FCM3": -135.3622805803305,
    "MEBT_LLRF:FCM4": -37.397923453631996,
    "DTL_LLRF:FCM1": 59.85446269172009,
    "DTL_LLRF:FCM2": 126.51040437582249,
    "DTL_LLRF:FCM3": -90.3443549827867,
    "DTL_LLRF:FCM4": -176.0900021657599,
    "DTL_LLRF:FCM5": 82.63930197174099,
    "DTL_LLRF:FCM6": 100.69237827385918,
    "CCL_LLRF:FCM1": 126.54451091318256,
    "CCL_LLRF:FCM2": 171.75232811987124,
    "CCL_LLRF:FCM3": -96.00983793272609,
    "CCL_LLRF:FCM4": -18.95318901106778,
    "SCL_LLRF:FCM01a": -152.53600331536532,
    "SCL_LLRF:FCM01b": -90.43431060018126,
    "SCL_LLRF:FCM01c": 21.819710441941172,
    "SCL_LLRF:FCM02a": 137.5393148382074,
    "SCL_LLRF:FCM02b": -45.836491533323645,
    "SCL_LLRF:FCM02c": -84.30635275194557,
    "SCL_LLRF:FCM03a": 129.69630720490522,
    "SCL_LLRF:FCM03b": -99.79918953399755,
    "SCL_LLRF:FCM03c": -70.44745013333808,
    "SCL_LLRF:FCM04a": 170.00326469342423,
    "SCL_LLRF:FCM04b": 161.0022977147163,
    "SCL_LLRF:FCM04c": -73.86550521621211,
    "SCL_LLRF:FCM05a": -173.1830754087475,
    "SCL_LLRF:FCM05b": 9.28507579166514,
    "SCL_LLRF:FCM05c": -80.49435951089569,
    "SCL_LLRF:FCM06a": 95.7819963878604,
    "SCL_LLRF:FCM06b": 159.1597555991119,
    "SCL_LLRF:FCM06c": 94.40520871918757,
    "SCL_LLRF:FCM07a": -32.73517438717329,
    "SCL_LLRF:FCM07b": 138.81057126067046,
    "SCL_LLRF:FCM07c": -165.5496033237854,
    "SCL_LLRF:FCM08a": 138.91497997038175,
    "SCL_LLRF:FCM08b": 48.20818124841439,
    "SCL_LLRF:FCM08c": -97.09826202978624,
    "SCL_LLRF:FCM09a": 13.650264709074275,
    "SCL_LLRF:FCM09b": -133.80238376347927,
    "SCL_LLRF:FCM09c": 33.030902262808944,
    "SCL_LLRF:FCM10a": -138.39895738883416,
    "SCL_LLRF:FCM10b": 174.78199367701325,
    "SCL_LLRF:FCM10c": 2.987746848649908,
    "SCL_LLRF:FCM11a": 80.44172452216459,
    "SCL_LLRF:FCM11b": -90.1399665647966,
    "SCL_LLRF:FCM11c": -135.53407458776405,
    "SCL_LLRF:FCM12a": -153.74879475904547,
    "SCL_LLRF:FCM12b": -49.88455638111852,
    "SCL_LLRF:FCM12c": -28.29293290061877,
    "SCL_LLRF:FCM12d": -176.62221452713194,
    "SCL_LLRF:FCM13a": 53.49108986834016,
    "SCL_LLRF:FCM13b": -140.86552130885326,
    "SCL_LLRF:FCM13c": 95.17789092125075,
    "SCL_LLRF:FCM13d": 72.43337241270754,
    "SCL_LLRF:FCM14a": 50.88973514249241,
    "SCL_LLRF:FCM14b": -158.6842547280184,
    "SCL_LLRF:FCM14c": 23.155297308033727,
    "SCL_LLRF:FCM14d": -133.97682182401957,
    "SCL_LLRF:FCM15a": -25.760302664649558,
    "SCL_LLRF:FCM15b": 61.717088984108685,
    "SCL_LLRF:FCM15c": 24.756651146819376,
    "SCL_LLRF:FCM15d": -1.0424592029293134,
    "SCL_LLRF:FCM16a": -87.38403169118632,
    "SCL_LLRF:FCM16b": -100.10586859561468,
    "SCL_LLRF:FCM16c": 92.8753851060748,
    "SCL_LLRF:FCM16d": -107.36441791837383,
    "SCL_LLRF:FCM17a": -178.12878463459361,
    "SCL_LLRF:FCM17b": 72.6424338568735,
    "SCL_LLRF:FCM17c": 27.825782625117746,
    "SCL_LLRF:FCM17d": -154.64744923393704,
    "SCL_LLRF:FCM18a": -81.49717202170768,
    "SCL_LLRF:FCM18b": 14.530130195238456,
    "SCL_LLRF:FCM18c": -17.5123662456081,
    "SCL_LLRF:FCM18d": 149.10442136180393,
    "SCL_LLRF:FCM19a": 97.18608302630938,
    "SCL_LLRF:FCM19b": -8.27511377608217,
    "SCL_LLRF:FCM19c": -39.290113340432285,
    "SCL_LLRF:FCM19d": 21.45062041920301,
    "SCL_LLRF:FCM20a": -138.51793811231394,
    "SCL_LLRF:FCM20b": -20.09488552562945,
    "SCL_LLRF:FCM20c": -79.39369838758786,
    "SCL_LLRF:FCM20d": -102.98049474601162,
    "SCL_LLRF:FCM21a": -81.97057299674145,
    "SCL_LLRF:FCM21b": 143.95986060916886,
    "SCL_LLRF:FCM21c": -168.35487938978818,
    "SCL_LLRF:FCM21d": -123.59753881220425,
    "SCL_LLRF:FCM22a": 65.61940229124075,
    "SCL_LLRF:FCM22b": -86.96826657793117,
    "SCL_LLRF:FCM22c": 29.347984484091143,
    "SCL_LLRF:FCM22d": 4.8557699559929945,
    "SCL_LLRF:FCM23a": -43.381489137079946,
    "SCL_LLRF:FCM23b": 45.975837135907184,
    "SCL_LLRF:FCM23c": 111.89159552428453,
    "SCL_LLRF:FCM23d": -146.04797833763052
}