{
    "SCL_Diag:BPM00a": 35.52184552946501,
    "SCL_Diag:BPM00b": 16.997509347481753,
    "SCL_Diag:BPM01": 108.38104967953149,
    "SCL_Diag:BPM02": 75.54108871628796,
    "SCL_Diag:BPM03": 42.058499445690195,
    "SCL_Diag:BPM04": 103.88786977219196,
    "SCL_Diag:BPM05": -85.31992099870645,
    "SCL_Diag:BPM06": 38.222361005822634,
    "SCL_Diag:BPM07": 53.36408219592403,
    "SCL_Diag:BPM08": -58.558700528214885,
    "SCL_Diag:BPM09": 69.99364144805662,
    "SCL_Diag:BPM10": 41.298460822616114,
    "SCL_Diag:BPM11": 66.663171551446,
    "SCL_Diag:BPM12": 163.5698672159586,
    "SCL_Diag:BPM13": 65.8394381004583,
    "SCL_Diag:BPM14": 98.62159720252392,
    "SCL_Diag:BPM15": 1.084854327930307,
    "SCL_Diag:BPM16": 156.73579549203123,
    "SCL_Diag:BPM17": -81.56124140003759,
    "SCL_Diag:BPM18": -126.7921147374663,
    "SCL_Diag:BPM19": 38.3550899290978,
    "SCL_Diag:BPM20": 98.52146017805885,
    "SCL_Diag:BPM21": -16.906223271455726,
    "SCL_Diag:BPM22": 161.10098307470457,
    "SCL_Diag:BPM23": -120.09915321941305,
    "SCL_Diag:BPM24": -124.3223184857251,
    "SCL_Diag:BPM25": 24.325008209909637,
    "SCL_Diag:BPM26": 103.58930270896826,
    "SCL_Diag:BPM27": -50.80592139898549,
    "SCL_Diag:BPM28": 115.75321478157569,
    "SCL_Diag:BPM29": 104.18034842219068,
    "SCL_Diag:BPM30": 126.18771613829948,
    "SCL_Diag:BPM31": 93.05456468138783,
    "SCL_Diag:BPM32": 77.45028222103878,
    "HEBT_Diag:BPM01": -50.770781430642664,
    "HEBT_Diag:BPM02": 122.87190988465461,
    "HEBT_Diag:BPM03": 10.762063140061539,
    "HEBT_Diag:BPM04": -157.0730354360883,
    "HEBT_Diag:BPM05": -178.49169968251732,
    "HEBT_Diag:BPM06": -179.36129669791873,
    "HEBT_Diag:BPM07": -79.11287203704894,
    "HEBT_Diag:BPM08": 141.4332554297415,
    "HEBT_Diag:BPM09": 153.53797044805157,
    "HEBT_Diag:BPM10": -118.35323395617908,
    "HEBT_Diag:BPM11": 133.57805902797915,
    "SCL_LLRF:FCM01a": -119.80969453450582,
    "SCL_LLRF:FCM01b": -177.08313148627371,
    "SCL_LLRF:FCM01c": -30.851574395053234,
    "SCL_LLRF:FCM02a": 168.41863196981774,
    "SCL_LLRF:FCM02b": -66.87527818152223,
    "SCL_LLRF:FCM02c": 171.05993869348396,
    "SCL_LLRF:FCM03a": 69.44118940696715,
    "SCL_LLRF:FCM03b": 65.35130625535507,
    "SCL_LLRF:FCM03c": 176.95803711354486,
    "SCL_LLRF:FCM04a": 4.037742977924013,
    "SCL_LLRF:FCM04b": 127.2052958291013,
    "SCL_LLRF:FCM04c": -84.38083416971877,
    "SCL_LLRF:FCM05a": -28.68172059818005,
    "SCL_LLRF:FCM05b": -72.13652641836498,
    "SCL_LLRF:FCM05c": -174.18071750897988,
    "SCL_LLRF:FCM06a": 30.290762158375525,
    "SCL_LLRF:FCM06b": 130.23658298695344,
    "SCL_LLRF:FCM06c": 105.78081789137472,
    "SCL_LLRF:FCM07a": -97.92888813282002,
    "SCL_LLRF:FCM07b": -149.12780983034605,
    "SCL_LLRF:FCM07c": -43.32232798237682,
    "SCL_LLRF:FCM08a": 95.16126314653285,
    "SCL_LLRF:FCM08b": -44.51892088144602,
    "SCL_LLRF:FCM08c": 14.844422094650556,
    "SCL_LLRF:FCM09a": 147.47304214224806,
    "SCL_LLRF:FCM09b": -153.61633487987,
    "SCL_LLRF:FCM09c": -83.38343677910439,
    "SCL_LLRF:FCM10a": -79.24500933228634,
    "SCL_LLRF:FCM10b": 102.65086111591499,
    "SCL_LLRF:FCM10c": 42.87453126126396,
    "SCL_LLRF:FCM11a": 87.6997002598762,
    "SCL_LLRF:FCM11b": -107.3889715584525,
    "SCL_LLRF:FCM11c": 137.2008541281848,
    "SCL_LLRF:FCM12a": 44.20773131273789,
    "SCL_LLRF:FCM12b": -114.46093941943649,
    "SCL_LLRF:FCM12c": 69.28942557082878,
    "SCL_LLRF:FCM12d": 7.3601336313530386,
    "SCL_LLRF:FCM13a": 174.06519246031797,
    "SCL_LLRF:FCM13b": -50.28204677520342,
    "SCL_LLRF:FCM13c": 6.9088199734257705,
    "SCL_LLRF:FCM13d": 28.768581724661498,
    "SCL_LLRF:FCM14a": 104.7425649281906,
    "SCL_LLRF:FCM14b": -20.535827399790637,
    "SCL_LLRF:FCM14c": -35.63650462343872,
    "SCL_LLRF:FCM14d": -118.20530251661872,
    "SCL_LLRF:FCM15a": 149.78277082509624,
    "SCL_LLRF:FCM15b": -117.82844318138548,
    "SCL_LLRF:FCM15c": 31.876053657301316,
    "SCL_LLRF:FCM15d": -77.32611590735122,
    "SCL_LLRF:FCM16a": -75.85644489436181,
    "SCL_LLRF:FCM16b": -144.23814925359474,
    "SCL_LLRF:FCM16c": 24.692480944737806,
    "SCL_LLRF:FCM16d": 107.75174526258331,
    "SCL_LLRF:FCM17a": 116.63853562128881,
    "SCL_LLRF:FCM17b": -75.61332134423877,
    "SCL_LLRF:FCM17c": -124.20798456500252,
    "SCL_LLRF:FCM17d": 93.38146807218602,
    "SCL_LLRF:FCM18a": -32.30480561524963,
    "SCL_LLRF:FCM18b": 72.0538844248,
    "SCL_LLRF:FCM18c": -165.8640599184517,
    "SCL_LLRF:FCM18d": -108.25801353626538,
    "SCL_LLRF:FCM19a": 50.14389145363519,
    "SCL_LLRF:FCM19b": 157.03431545151093,
    "SCL_LLRF:FCM19c": 104.59423157474279,
    "SCL_LLRF:FCM19d": 178.361136999162,
    "SCL_LLRF:FCM20a": -24.176659973065505,
    "SCL_LLRF:FCM20b": 25.836145636572315,
    "SCL_LLRF:FCM20c": -134.01450273201192,
    "SCL_LLRF:FCM20d": -93.02908875682323,
    "SCL_LLRF:FCM21a": 59.2593092785475,
    "SCL_LLRF:FCM21b": 154.52844122987023,
    "SCL_LLRF:FCM21c": 127.90507286236122,
    "SCL_LLRF:FCM21d": 176.02387011837456,
    "SCL_LLRF:FCM22a": 130.04414630863545,
    "SCL_LLRF:FCM22b": 2.75868756948507,
    "SCL_LLRF:FCM22c": -18.436471516654514,
    "SCL_LLRF:FCM22d": -71.43578568446992,
    "SCL_LLRF:FCM23a": -62.84684198072499,
    "SCL_LLRF:FCM23b": -119.24397082501822,
    "SCL_LLRF:FCM23c": 163.5968197506154,
    "SCL_LLRF:FCM23d": -112.45680607998383
}